J7,lambda_K2,E0,r3,switched
-0.4,0.01,30.0,0.0005527590329633891,1
-0.4,0.01,20.0,0.001301264009936471,1
-0.4,0.015,34.0,0.003291207121561925,1
-0.4,0.04,20.0,0.9692183078453824,0
-0.4,0.02,20.0,0.04983097526924517,1
-0.4,0.015,38.0,0.0013015719813384299,1
-0.4,0.015,20.0,0.002386777701276768,1
-0.4,0.03,12.0,0.9691937211001462,0
-0.4,0.01,34.0,0.0001244569803958394,1
-0.4,0.01,22.0,0.0013015093304616034,1
-0.4,0.04,38.0,0.10100776819131396,1
-0.4,0.02,12.0,0.969220928347098,0
-0.4,0.045,12.0,0.969156599886985,0
-0.4,0.01,18.0,0.0013016423754046086,1
-0.4,0.025,16.0,0.9692351532875813,0
-0.4,0.015,26.0,0.0038105095722734588,1
-0.4,0.015,14.0,0.9692138626844776,0
-0.4,0.01,16.0,0.0013014499376630552,1
-0.4,0.045,38.0,0.9692669632801275,0
-0.4,0.01,38.0,0.0007659775488194469,1
-0.4,0.015,12.0,0.9691851118610569,0
-0.4,0.02,38.0,0.0028127028151037157,1
-0.4,0.035,16.0,0.969213195787439,0
-0.4,0.045,20.0,0.969196288321197,0
-0.4,0.01,28.0,0.0005527447222628743,1
-0.4,0.025,38.0,0.0028127953186776115,1
-0.4,0.02,18.0,0.9692459632139109,0
-0.4,0.02,24.0,0.0038104891038790154,1
-0.4,0.025,18.0,0.9692599222278617,0
-0.4,0.01,26.0,0.0013016257658734498,1
-0.4,0.015,28.0,0.0028126682595549417,1
-0.4,0.045,28.0,0.9692320043244901,0
-0.4,0.035,26.0,0.9692705555126455,0
-0.4,0.025,22.0,0.9692753091361557,0
-0.4,0.01,24.0,0.0010154072238494386,1
-0.4,0.025,30.0,0.005823086562313771,1
-0.4,0.04,34.0,0.969280294345144,0
-0.4,0.035,28.0,0.9692811433365022,0
-0.4,0.015,18.0,0.0023868924524435894,1
-0.4,0.04,22.0,0.969227878935395,0
-0.4,0.04,26.0,0.969247918395137,0
-0.4,0.045,14.0,0.9691658167063862,0
-0.4,0.03,20.0,0.9692515979705992,0
-0.4,0.035,30.0,0.9692877753804608,0
-0.4,0.02,22.0,0.0033060874971624302,1
-0.4,0.035,34.0,0.104629285966516,1
-0.4,0.025,26.0,0.969301414031901,0
-0.4,0.04,18.0,0.9692120651114489,0
-0.4,0.04,24.0,0.9692403726142874,0
-0.4,0.015,24.0,0.0016251430109563653,1
-0.4,0.01,12.0,0.9692207737156917,0
-0.4,0.045,18.0,0.9691866556915071,0
-0.4,0.02,14.0,0.9692408821774378,0
-0.4,0.045,34.0,0.9692539846794851,0
-0.4,0.045,24.0,0.9692137325387475,0
-0.4,0.025,24.0,0.9692853310420488,0
-0.4,0.035,38.0,0.10101004382540917,1
-0.4,0.03,28.0,0.9692953549923884,0
-0.4,0.04,12.0,0.9691771844788722,0
-0.4,0.02,34.0,0.003291069821132527,1
-0.4,0.015,30.0,0.001986578013553451,1
-0.4,0.025,12.0,0.9692167788075358,0
-0.4,0.03,16.0,0.9692366790158062,0
-0.4,0.045,30.0,0.9692384358968734,0
-0.4,0.035,18.0,0.9692261573380012,0
-0.4,0.03,30.0,0.9693076380421357,0
-0.4,0.02,26.0,0.0032912167151308825,1
-0.4,0.03,34.0,0.056587362801784113,1
-0.4,0.03,38.0,0.023120653402424304,1
-0.4,0.025,34.0,0.005823097264171825,1
-0.4,0.03,18.0,0.9692426011329306,0
-0.4,0.035,20.0,0.9692428841246264,0
-0.4,0.03,22.0,0.9692686417207976,0
-0.4,0.02,30.0,0.002826501340014266,1
-0.4,0.03,24.0,0.9692811628291405,0
-0.4,0.03,26.0,0.9692872066397699,0
-0.4,0.035,12.0,0.9691871136456082,0
-0.4,0.02,16.0,0.9692409703746019,0
-0.4,0.025,14.0,0.9692172196641131,0
-0.4,0.035,22.0,0.9692506779229739,0
-0.4,0.035,24.0,0.9692580030581446,0
-0.4,0.035,14.0,0.9692075408684027,0
-0.4,0.04,28.0,0.9692554236551442,0
-0.4,0.01,14.0,0.002812360433950351,1
-0.4,0.015,16.0,0.005823336022489,1
-0.4,0.015,22.0,0.002812606982395049,1
-0.4,0.04,16.0,0.9691966876668446,0
-0.4,0.045,16.0,0.9691808022121149,0
-0.4,0.045,26.0,0.9692226018387117,0
-0.4,0.03,14.0,0.9692156207451158,0
-0.4,0.025,28.0,0.1799481012868166,1
-0.4,0.04,30.0,0.9692656322362384,0
-0.4,0.02,28.0,0.0032910801184788453,1
-0.4,0.04,14.0,0.9691838757725286,0
-0.4,0.045,22.0,0.9692073425996534,0
-0.4,0.025,20.0,0.9692712396572388,0
-0.41,0.025,18.0,0.9722935134022993,0
-0.41,0.025,36.0,0.005871510203230922,1
-0.41,0.04,10.0,0.972195426489439,0
-0.41,0.04,32.0,0.9723203304008465,0
-0.41,0.045,14.0,0.9722095747393945,0
-0.41,0.035,12.0,0.9722259412894823,0
-0.4,0.04,40.0,0.13030787246546724,1
-0.41,0.025,40.0,0.005871413769564843,1
-0.41,0.04,16.0,0.9722392317803759,0
-0.4,0.045,40.0,0.12848719560505348,1
-0.41,0.03,14.0,0.9722518326762476,0
-0.41,0.04,38.0,0.9723433853600754,0
-0.41,0.04,34.0,0.9723270366221312,0
-0.41,0.015,22.0,0.004425034506739412,1
-0.41,0.045,12.0,0.9721997800324309,0
-0.41,0.03,30.0,0.9723452226918113,0
-0.41,0.01,16.0,0.002415904742544614,1
-0.41,0.01,24.0,0.0013190462255291276,1
-0.41,0.035,24.0,0.9722993298617869,0
-0.42,0.01,12.0,0.9747489448019084,0
-0.42,0.01,16.0,0.0033622173742229706,1
-0.42,0.01,18.0,0.003362554290297245,1
-0.42,0.01,14.0,0.9746724161482192,0
-0.42,0.01,22.0,0.003362432996366875,1
-0.42,0.01,20.0,0.003891439524985945,1
-0.42,0.01,26.0,0.0028749460595979995,1
-0.42,0.01,28.0,0.002033904090099386,1
-0.42,0.01,24.0,0.0010426574930193974,1
-0.42,0.01,30.0,0.002889715732346271,1
-0.42,0.01,34.0,0.0013348157905039664,1
-0.41,0.01,22.0,0.001318990042863464,1
-0.42,0.01,38.0,0.0016647048162326142,1
-0.41,0.01,26.0,0.001319110687075176,1
-0.41,0.01,30.0,0.0010296834297251894,1
-0.42,0.015,12.0,0.9747124585034372,0
-0.41,0.04,22.0,0.9722724124391311,0
-0.42,0.015,14.0,0.9747403183626473,0
-0.42,0.015,16.0,0.9747789663005157,0
-0.42,0.015,18.0,0.1617089798431137,1
-0.42,0.015,20.0,0.13989623018254219,1
-0.42,0.015,24.0,0.08166592092371146,1
-0.42,0.015,22.0,0.15319646008148058,1
-0.42,0.015,28.0,0.004468377883410712,1
-0.42,0.015,26.0,0.0038917887196837347,1
-0.42,0.015,30.0,0.004468348467187081,1
-0.42,0.015,34.0,0.0028897736801790086,1
-0.41,0.01,12.0,0.9722472709257488,0
-0.42,0.015,38.0,0.0059092054974423875,1
-0.4,0.035,10.0,0.969169271517656,0
-0.41,0.025,20.0,0.9723053402155722,0
-0.42,0.02,12.0,0.9747552200532469,0
-0.42,0.02,14.0,0.9747780278926582,0
-0.42,0.02,16.0,0.9747777289223353,0
-0.42,0.02,18.0,0.9747807537236567,0
-0.42,0.02,20.0,0.9747997445996927,0
-0.4,0.03,32.0,0.10100850183515091,1
-0.42,0.02,22.0,0.9746807649024578,0
-0.42,0.02,24.0,0.3252621764088857,0
-0.42,0.02,26.0,0.17749167528039633,1
-0.42,0.02,28.0,0.1496653066303119,1
-0.42,0.02,30.0,0.12222258244940068,1
-0.42,0.02,34.0,0.005909130992181971,1
-0.41,0.015,30.0,0.002845615951914409,1
-0.42,0.02,38.0,0.005909171928913462,1
-0.41,0.015,28.0,0.0033290336576222977,1
-0.41,0.045,28.0,0.9722811985690651,0
-0.41,0.03,10.0,0.9722288866716287,0
-0.42,0.025,14.0,0.9747575872516198,0
-0.42,0.025,12.0,0.9747585003366108,0
-0.42,0.025,16.0,0.9747747191534841,0
-0.42,0.025,18.0,0.974801129001896,0
-0.42,0.025,20.0,0.9748137273572669,0
-0.42,0.025,22.0,0.9748172128167994,0
-0.41,0.035,26.0,0.972312111789889,0
-0.42,0.025,28.0,0.9748563261261584,0
-0.42,0.025,24.0,0.9748262259839534,0
-0.42,0.025,26.0,0.9748425762350019,0
-0.42,0.025,34.0,0.5008429818067409,0
-0.42,0.025,30.0,0.9746748290693931,0
-0.42,0.025,38.0,0.9746703559437435,0
-0.41,0.04,18.0,0.9722557393128626,0
-0.4,0.045,32.0,0.9692458606581463,0
-0.42,0.03,12.0,0.9747387181029504,0
-0.42,0.03,14.0,0.9747613331464816,0
-0.4,0.005,36.0,2.8167416341071984e-16,1
-0.42,0.03,16.0,0.9747846164358107,0
-0.42,0.03,18.0,0.9747906468029004,0
-0.42,0.03,20.0,0.9747987294662028,0
-0.42,0.03,22.0,0.9748163152655922,0
-0.42,0.03,24.0,0.9748302932763969,0
-0.42,0.03,26.0,0.9748367039371582,0
-0.42,0.03,30.0,0.9748565895594502,0
-0.42,0.03,28.0,0.9748443069422553,0
-0.42,0.03,34.0,0.9748747501739795,0
-0.41,0.02,10.0,0.9722082998931408,0
-0.42,0.03,38.0,0.9750416778269452,0
-0.4,0.025,32.0,0.003810572461368452,1
-0.41,0.005,36.0,1.8633259914693973e-16,1
-0.42,0.035,12.0,0.9747377266787327,0
-0.42,0.035,14.0,0.97476082188021,0
-0.42,0.035,16.0,0.9747663341807649,0
-0.41,0.025,12.0,0.9722505055037614,0
-0.41,0.005,30.0,2.494489330874489e-16,1
-0.42,0.035,18.0,0.9747791381827078,0
-0.42,0.035,20.0,0.974797453232432,0
-0.42,0.035,24.0,0.9748135634261716,0
-0.41,0.03,40.0,0.0975754237085122,1
-0.42,0.035,22.0,0.9748063247148929,0
-0.42,0.035,26.0,0.9748264766614919,0
-0.42,0.035,30.0,0.9748452464573806,0
-0.42,0.035,28.0,0.9748381425088632,0
-0.42,0.035,34.0,0.9748633501577355,0
-0.42,0.035,38.0,0.9746685868043486,0
-0.41,0.01,10.0,0.9722418033305232,0
-0.42,0.04,12.0,0.9747340871553338,0
-0.41,0.035,34.0,0.972348146240854,0
-0.42,0.04,14.0,0.9747411660038022,0
-0.42,0.04,16.0,0.9747544846760979,0
-0.42,0.04,18.0,0.9747719908528136,0
-0.42,0.04,20.0,0.9747792619623756,0
-0.42,0.04,22.0,0.9747893148921899,0
-0.42,0.04,24.0,0.9748030634633859,0
-0.42,0.04,26.0,0.9748115762022235,0
-0.42,0.04,28.0,0.9748192598671358,0
-0.4,0.005,14.0,0.9691284337910339,0
-0.42,0.04,34.0,0.974846001702309,0
-0.42,0.04,30.0,0.9748299352361113,0
-0.4,0.025,40.0,0.002826424407898969,1
-0.42,0.04,38.0,0.9748626452107274,0
-0.41,0.005,26.0,1.7187139343614949e-16,1
-0.42,0.045,12.0,0.9747162867873033,0
-0.42,0.045,14.0,0.9747262976346269,0
-0.42,0.045,16.0,0.9747439968984802,0
-0.42,0.045,18.0,0.9747513345273365,0
-0.42,0.045,20.0,0.9747622158182649,0
-0.42,0.045,22.0,0.9747750219347017,0
-0.4,0.015,40.0,0.0032910717035853007,1
-0.42,0.045,26.0,0.974791820451677,0
-0.42,0.045,24.0,0.9747823413231069,0
-0.42,0.045,28.0,0.9748023453997472,0
-0.42,0.045,30.0,0.9748097142869403,0
-0.42,0.045,34.0,0.9748265514443331,0
-0.41,0.015,32.0,0.001319039891227791,1
-0.42,0.045,38.0,0.9748407767129948,0
-0.4,0.03,10.0,0.9691928250093005,0
-0.4,0.02,32.0,0.0032911848321355154,1
-0.41,0.045,32.0,0.9722958479085837,0
-0.41,0.03,22.0,0.9723057319696699,0
-0.41,0.01,32.0,0.0007774273437172529,1
-0.4,0.045,36.0,0.9692603709297163,0
-0.41,0.005,28.0,2.597948053609726e-16,1
-0.4,0.005,38.0,2.889324404438346e-16,1
-0.41,0.015,38.0,0.0020113229191414984,1
-0.41,0.015,34.0,0.001319098638386883,1
-0.41,0.01,18.0,0.0033443446364706995,1
-0.4,0.005,28.0,9.33431326532925e-17,1
-0.41,0.045,36.0,0.9723112358551024,0
-0.41,0.035,22.0,0.9722920131494474,0
-0.41,0.02,22.0,0.15562306804212017,1
-0.41,0.015,18.0,0.047496023584216986,1
-0.41,0.02,36.0,0.003328860842913788,1
-0.41,0.02,12.0,0.9722509031079858,0
-0.41,0.01,14.0,0.005870589861599074,1
-0.4,0.01,40.0,0.0003751622981400451,1
-0.41,0.035,18.0,0.9722661784314894,0
-0.41,0.045,40.0,0.9723254692706325,0
-0.41,0.035,14.0,0.9722476703827149,0
-0.4,0.04,36.0,0.9692883526376027,0
-0.4,0.005,10.0,0.9690389535529621,0
-0.41,0.025,22.0,0.9723090759046822,0
-0.41,0.03,20.0,0.9722883895075994,0
-0.41,0.005,16.0,0.002011110965958109,1
-0.41,0.04,26.0,0.972293579880317,0
-0.41,0.005,14.0,0.972145890790789,0
-0.41,0.04,30.0,0.9723116696287287,0
-0.41,0.02,24.0,0.07818048572824868,1
-0.41,0.045,24.0,0.9722619427992476,0
-0.4,0.015,36.0,0.002812719392388356,1
-0.4,0.005,20.0,2.4797957927361563e-15,1
-0.4,0.045,10.0,0.9691461699457365,0
-0.4,0.01,36.0,0.0005527767120850368,1
-0.4,0.005,32.0,9.987745035161726e-17,1
-0.4,0.01,32.0,0.0005527766494713837,1
-0.4,0.005,22.0,1.6966554147482866e-15,1
-0.41,0.02,30.0,0.0033288707587143733,1
-0.41,0.01,28.0,0.0013191044867598306,1
-0.41,0.035,20.0,0.9722837263716696,0
-0.41,0.02,38.0,0.0033289120661380476,1
-0.41,0.03,24.0,0.97231891242273,0
-0.41,0.025,16.0,0.9722679595273886,0
-0.41,0.005,18.0,0.0007774540768708847,1
-0.41,0.02,26.0,0.07967749164155222,1
-0.41,0.015,16.0,0.060223048924075866,1
-0.4,0.005,30.0,1.649037315055008e-16,1
-0.41,0.005,38.0,0.00023733939493134708,1
-0.41,0.045,30.0,0.9722881190221874,0
-0.41,0.04,40.0,0.46189424650945454,0
-0.41,0.03,38.0,0.13039285597272285,1
-0.41,0.02,16.0,0.9722719085836324,0
-0.4,0.01,10.0,0.969215857487698,0
-0.41,0.025,28.0,0.3220882243190578,0
-0.4,0.04,10.0,0.9691554898085268,0
-0.41,0.03,32.0,0.9723559049216606,0
-0.4,0.035,32.0,0.96929588070774,0
-0.4,0.005,34.0,5.734961006827486e-17,1
-0.4,0.03,40.0,0.02156716484050035,1
-0.41,0.035,36.0,0.3545230965207352,0
-0.41,0.015,40.0,0.0016462019316310567,1
-0.41,0.02,18.0,0.9722759856095194,0
-0.41,0.005,24.0,3.577415622467274e-16,1
-0.41,0.04,24.0,0.9722855802173455,0
-0.4,0.02,36.0,0.0028128113777884304,1
-0.41,0.03,16.0,0.9722739330390211,0
-0.4,0.005,26.0,9.029338966793507e-17,1
-0.4,0.04,32.0,0.9692738242929189,0
-0.41,0.035,16.0,0.9722531913657763,0
-0.4,0.005,24.0,4.5284798196656e-16,1
-0.4,0.03,36.0,0.056588871932189734,1
-0.41,0.02,14.0,0.9722720608851131,0
-0.41,0.01,34.0,0.0016458176325941489,1
-0.41,0.01,36.0,0.0013190750814109646,1
-0.41,0.015,36.0,0.0024157422624109153,1
-0.41,0.04,36.0,0.9723350977583974,0
-0.4,0.015,32.0,0.003291097774359419,1
-0.41,0.025,26.0,0.9723347521582089,0
-0.41,0.005,40.0,0.00023733969481454253,1
-0.41,0.04,28.0,0.9723011918859306,0
-0.4,0.005,40.0,3.338430866515695e-16,1
-0.41,0.005,10.0,0.9720616559921353,0
-0.41,0.03,12.0,0.9722293987098742,0
-0.41,0.045,34.0,0.9723043979648963,0
-0.41,0.005,34.0,6.485302540188914e-17,1
-0.41,0.01,38.0,0.001319096484900991,1
-0.41,0.015,10.0,0.9722126192054863,0
-0.41,0.035,32.0,0.9723380186200274,0
-0.41,0.02,34.0,0.003328982565486825,1
-0.4,0.02,10.0,0.9691794742937674,0
-0.41,0.03,28.0,0.9723329760967679,0
-0.41,0.03,26.0,0.9723250923048544,0
-0.41,0.025,38.0,0.00587140278254651,1
-0.4,0.005,18.0,6.982526555220503e-16,1
-0.41,0.025,24.0,0.9723186080634089,0
-0.41,0.02,28.0,0.005871511736485352,1
-0.41,0.045,38.0,0.9723180303066704,0
-0.41,0.045,16.0,0.9722260717896346,0
-0.41,0.02,20.0,0.9722954830119536,0
-0.41,0.01,40.0,0.0010297199446549635,1
-0.41,0.005,12.0,0.9720852349265902,0
-0.4,0.025,36.0,0.0038104825980839183,1
-0.41,0.03,18.0,0.9722798116935372,0
-0.41,0.035,38.0,0.18455187713174023,1
-0.41,0.035,40.0,0.18455151797766314,1
-0.4,0.005,16.0,0.0007588192774419403,1
-0.4,0.035,40.0,0.10249535822049305,1
-0.41,0.045,22.0,0.9722550908931606,0
-0.41,0.015,20.0,0.005871350298199917,1
-0.41,0.005,32.0,3.074687777273095e-17,1
-0.41,0.025,10.0,0.9722364361649535,0
-0.41,0.04,20.0,0.9722624990983967,0
-0.41,0.015,12.0,0.9722115184909528,0
-0.41,0.005,20.0,0.00023731923998783217,1
-0.41,0.015,14.0,0.9722398010031998,0
-0.41,0.02,32.0,0.002859942843736794,1
-0.4,0.02,40.0,0.0032911206591296166,1
-0.41,0.045,10.0,0.9721883218611289,0
-0.41,0.01,20.0,0.0013190821068475775,1
-0.4,0.035,36.0,0.10437949342756875,1
-0.41,0.005,22.0,2.8760585989872244e-15,1
-0.41,0.03,34.0,0.12249191389216205,1
-0.41,0.035,10.0,0.9722070872877632,0
-0.41,0.025,14.0,0.9722503072178521,0
-0.41,0.015,26.0,0.003328920082604523,1
-0.4,0.005,12.0,0.9690662809048171,0
-0.41,0.03,36.0,0.14687083627416941,1
-0.41,0.035,30.0,0.9723300430574743,0
-0.41,0.045,26.0,0.9722711870610163,0
-0.41,0.035,28.0,0.972323211074691,0
-0.41,0.025,32.0,0.2534226154024312,0
-0.4,0.025,10.0,0.9692035649607461,0
-0.41,0.025,34.0,0.1013839015348091,1
-0.41,0.04,12.0,0.9722191751802293,0
-0.41,0.02,40.0,0.003853525761277672,1
-0.41,0.045,20.0,0.9722431087597936,0
-0.41,0.04,14.0,0.9722260057509035,0
-0.41,0.015,24.0,0.0028597739235363714,1
-0.41,0.045,18.0,0.9722327066324661,0
-0.4,0.015,10.0,0.969184612233349,0
-0.41,0.025,30.0,0.14687145913050903,1
-0.42,0.005,34.0,9.191487142866412e-17,1
-0.42,0.005,12.0,0.974579413917947,0
-0.42,0.005,14.0,0.9746385014673388,0
-0.42,0.005,10.0,0.9745598217690756,0
-0.42,0.005,40.0,5.3306328119803633e-05,1
-0.42,0.005,38.0,0.00024175301795696715,1
-0.42,0.005,26.0,5.762175988501208e-16,1
-0.42,0.02,36.0,0.0033785912347760773,1
-0.42,0.035,40.0,0.9746593881824468,0
-0.42,0.005,36.0,0.00038802074131330495,1
-0.42,0.04,10.0,0.974708515240761,0
-0.43,0.005,18.0,0.0010540126172506503,1
-0.42,0.005,32.0,1.9829768944408268e-16,1
-0.42,0.035,32.0,0.974853111916058,0
-0.42,0.015,40.0,0.0038917127438967834,1
-0.43,0.005,20.0,0.0020534512161398113,1
-0.43,0.005,34.0,0.00013323219649104978,1
-0.42,0.02,32.0,0.005909241676667586,1
-0.44,0.01,12.0,0.9786687047485738,0
-0.42,0.03,40.0,0.34302458343657,0
-0.44,0.01,16.0,0.012591864811740268,1
-0.44,0.01,14.0,0.9786528438198939,0
-0.44,0.01,18.0,0.00292394655506958,1
-0.44,0.01,22.0,0.002057898289980817,1
-0.43,0.005,24.0,5.691104681550953e-16,1
-0.44,0.01,20.0,0.0034179320366850277,1
-0.44,0.01,28.0,0.0016970553337015168,1
-0.44,0.01,26.0,0.0024852020596051374,1
-0.44,0.01,24.0,0.0010649171891933032,1
-0.44,0.01,30.0,0.001697126839938629,1
-0.44,0.01,34.0,0.0010649775627959855,1
-0.44,0.01,38.0,0.0010649946173285259,1
-0.42,0.005,24.0,0.0005698036790709181,1
-0.42,0.005,16.0,0.005907607091442174,1
-0.44,0.015,12.0,0.9786289404027779,0
-0.44,0.015,14.0,0.9786552185473688,0
-0.44,0.015,16.0,0.9786976714849954,0
-0.44,0.015,18.0,0.9786328438143063,0
-0.44,0.015,20.0,0.9785726393067948,0
-0.44,0.015,22.0,0.978597825711436,0
-0.44,0.015,24.0,0.6695046762114152,0
-0.44,0.015,26.0,0.9785905195077134,0
-0.44,0.015,28.0,0.5449645995038968,0
-0.44,0.015,30.0,0.5449567524578889,0
-0.43,0.005,14.0,0.9767403035706759,0
-0.44,0.015,34.0,0.01711063036869268,1
-0.42,0.035,36.0,0.9748721057456288,0
-0.44,0.015,38.0,0.004540047917815121,1
-0.43,0.005,32.0,0.00039370894174153024,1
-0.42,0.005,20.0,0.0013346212368304136,1
-0.44,0.02,12.0,0.9786777585111208,0
-0.44,0.02,14.0,0.978705111084707,0
-0.44,0.02,16.0,0.9787048205778901,0
-0.44,0.02,18.0,0.978705131465625,0
-0.44,0.02,20.0,0.9787226966146103,0
-0.44,0.02,22.0,0.9787485235611676,0
-0.44,0.02,24.0,0.9787644083657875,0
-0.44,0.02,26.0,0.9785792304588448,0
-0.44,0.02,28.0,0.978536557724529,0
-0.44,0.02,30.0,0.9786018458472358,0
-0.42,0.025,36.0,0.9746710253671592,0
-0.44,0.02,34.0,0.9786221309205941,0
-0.43,0.005,36.0,4.4323877379016794e-17,1
-0.44,0.02,38.0,0.9785832342722465,0
-0.43,0.01,32.0,0.0016819980374020737,1
-0.43,0.01,22.0,0.003924996154030834,1
-0.44,0.025,12.0,0.9786892102759746,0
-0.44,0.025,14.0,0.9786866789456625,0
-0.44,0.025,16.0,0.9787019060085802,0
-0.44,0.025,18.0,0.9787300746738331,0
-0.44,0.025,20.0,0.9787449779162246,0
-0.44,0.025,22.0,0.9787481341371455,0
-0.44,0.025,24.0,0.9787557203751337,0
-0.44,0.025,26.0,0.9787723634745095,0
-0.44,0.025,28.0,0.978788073361241,0
-0.44,0.025,30.0,0.9787960036925341,0
-0.42,0.03,32.0,0.9748678062983692,0
-0.44,0.025,34.0,0.9784701002443769,0
-0.42,0.04,40.0,0.974869643579696,0
-0.44,0.025,38.0,0.9786119231818756,0
-0.43,0.01,20.0,0.0029160960617388683,1
-0.42,0.04,36.0,0.9748540952899485,0
-0.44,0.03,12.0,0.9786710171647812,0
-0.44,0.03,14.0,0.9786928740511693,0
-0.44,0.03,16.0,0.9787188278340656,0
-0.44,0.03,18.0,0.978725751381293,0
-0.44,0.03,20.0,0.9787325429816989,0
-0.44,0.03,22.0,0.9787502810978927,0
-0.44,0.03,24.0,0.9787662235889963,0
-0.42,0.015,32.0,0.004468551104475367,1
-0.44,0.03,26.0,0.9787734507662778,0
-0.43,0.005,22.0,7.239505964900315e-16,1
-0.44,0.03,30.0,0.9787925930494453,0
-0.44,0.03,28.0,0.9787803722457288,0
-0.44,0.03,34.0,0.9788130684557913,0
-0.44,0.03,38.0,0.9785363347008654,0
-0.43,0.02,16.0,0.976892571740607,0
-0.42,0.02,10.0,0.9747113228579848,0
-0.44,0.035,12.0,0.9786731630061665,0
-0.44,0.035,14.0,0.978699093663411,0
-0.44,0.035,16.0,0.9787050542764208,0
-0.44,0.035,18.0,0.9787169187350282,0
-0.42,0.025,32.0,0.7212378003858925,0
-0.44,0.035,20.0,0.9787365859079569,0
-0.44,0.035,22.0,0.978747011522513,0
-0.44,0.035,24.0,0.9787539957345552,0
-0.44,0.035,26.0,0.9787668536143928,0
-0.42,0.03,36.0,0.974670350579251,0
-0.44,0.035,28.0,0.978779788902123,0
-0.44,0.035,34.0,0.9788057722842018,0
-0.44,0.035,30.0,0.9787877116403163,0
-0.44,0.035,38.0,0.9788227644042439,0
-0.42,0.045,10.0,0.9747037647260418,0
-0.42,0.005,28.0,5.423142224425466e-16,1
-0.44,0.04,12.0,0.9786753606360689,0
-0.44,0.04,14.0,0.9786834571222536,0
-0.44,0.04,16.0,0.9786962171071174,0
-0.44,0.04,18.0,0.9787154403997684,0
-0.44,0.04,20.0,0.9787239198391295,0
-0.44,0.04,22.0,0.9787337987896948,0
-0.44,0.04,24.0,0.9787484268673411,0
-0.44,0.04,26.0,0.9787581719263803,0
-0.44,0.04,28.0,0.9787659703241446,0
-0.44,0.04,30.0,0.9787768539180466,0
-0.43,0.005,38.0,0.0010544184962517464,1
-0.44,0.04,34.0,0.9787944797970093,0
-0.42,0.03,10.0,0.9747387301904363,0
-0.44,0.04,38.0,0.9788116611196365,0
-0.43,0.005,10.0,0.9766678602356332,0
-0.43,0.02,22.0,0.9769376434339816,0
-0.44,0.045,12.0,0.9786614443997074,0
-0.43,0.02,14.0,0.9768929158471964,0
-0.43,0.02,40.0,0.005866968133690631,1
-0.44,0.045,14.0,0.9786712134981992,0
-0.44,0.045,18.0,0.9786993986370442,0
-0.44,0.045,16.0,0.9786906390870572,0
-0.44,0.045,20.0,0.9787105467767769,0
-0.44,0.045,22.0,0.9787246944248962,0
-0.44,0.045,26.0,0.9787427102025714,0
-0.44,0.045,28.0,0.9787540792415126,0
-0.44,0.045,24.0,0.9787330420612598,0
-0.44,0.045,30.0,0.9787623589614073,0
-0.44,0.045,34.0,0.9787800077238272,0
-0.44,0.045,38.0,0.9787953978302384,0
-0.42,0.045,40.0,0.9748484099439558,0
-0.42,0.01,10.0,0.9747428230994074,0
-0.43,0.03,16.0,0.9769033380856177,0
-0.43,0.005,40.0,0.0010544163341509672,1
-0.42,0.025,40.0,0.2905580879511628,0
-0.43,0.02,12.0,0.9768680227830887,0
-0.42,0.01,36.0,0.0020338697079687993,1
-0.43,0.02,20.0,0.9769127467798088,0
-0.43,0.015,10.0,0.9768272752152627,0
-0.43,0.025,22.0,0.976934073529902,0
-0.42,0.005,22.0,5.3297442829541125e-05,1
-0.42,0.04,32.0,0.9748390610647444,0
-0.43,0.015,22.0,0.9768036643460759,0
-0.43,0.005,28.0,3.263806586156638e-16,1
-0.43,0.035,20.0,0.9769188012822931,0
-0.42,0.015,10.0,0.9747154256041507,0
-0.43,0.01,40.0,0.0016819702492435128,1
-0.43,0.015,30.0,0.005866998763998759,1
-0.43,0.03,22.0,0.9769349518009083,0
-0.43,0.025,24.0,0.9769424618309196,0
-0.43,0.035,18.0,0.9768997676276945,0
-0.42,0.005,18.0,0.0010423519925419182,1
-0.42,0.01,32.0,0.0013348345129830298,1
-0.42,0.01,40.0,0.0016650719968546077,1
-0.43,0.025,10.0,0.9768583653412417,0
-0.43,0.035,12.0,0.9768571685944479,0
-0.43,0.015,36.0,0.003391986211985816,1
-0.43,0.01,38.0,0.0010544219185725683,1
-0.43,0.02,30.0,0.9767760170058224,0
-0.43,0.01,24.0,0.0024507904212230968,1
-0.43,0.015,12.0,0.9768220675056244,0
-0.43,0.015,32.0,0.005866945252022151,1
-0.43,0.04,24.0,0.9769276952037634,0
-0.43,0.035,30.0,0.9769682040188054,0
-0.43,0.02,36.0,0.9767856665183585,0
-0.43,0.035,16.0,0.976887335389924,0
-0.43,0.03,40.0,0.9767450076564943,0
-0.43,0.025,36.0,0.9767968286026208,0
-0.43,0.005,12.0,0.9766830506354734,0
-0.43,0.015,16.0,0.9768897989959954,0
-0.43,0.045,12.0,0.9768405733864481,0
-0.43,0.03,30.0,0.9769762052086457,0
-0.43,0.025,34.0,0.9767815052327403,0
-0.42,0.005,30.0,3.3784729117685194e-16,1
-0.42,0.02,40.0,0.005909145372508508,1
-0.43,0.01,12.0,0.9768598933115678,0
-0.43,0.025,30.0,0.976980970024297,0
-0.43,0.035,10.0,0.976837801210315,0
-0.43,0.04,14.0,0.9768640207246264,0
-0.43,0.025,14.0,0.9768735060885138,0
-0.42,0.045,32.0,0.9748176550692829,0
-0.43,0.045,28.0,0.9769303079000563,0
-0.43,0.01,28.0,0.0007973809829655504,1
-0.43,0.035,36.0,0.9769955598611784,0
-0.43,0.01,16.0,0.005866984674928343,1
-0.43,0.015,38.0,0.003943308582727594,1
-0.43,0.005,30.0,1.255614668455894e-15,1
-0.42,0.015,36.0,0.00244172324862934,1
-0.42,0.025,10.0,0.9747432381410105,0
-0.43,0.03,32.0,0.9769880399873051,0
-0.43,0.005,26.0,3.738168754882541e-16,1
-0.43,0.01,18.0,0.0024506746086928742,1
-0.43,0.03,20.0,0.976917213567398,0
-0.43,0.01,30.0,0.0016820331015379153,1
-0.43,0.02,18.0,0.9768943584944838,0
-0.43,0.01,34.0,0.0016816511293358928,1
-0.43,0.03,26.0,0.9769566205430154,0
-0.43,0.03,34.0,0.9769954616650086,0
-0.43,0.01,10.0,0.9768530274810292,0
-0.43,0.01,36.0,0.0016819508900115486,1
-0.43,0.025,20.0,0.9769307755385085,0
-0.43,0.035,22.0,0.9769283840494059,0
-0.43,0.005,16.0,0.9768106468985208,0
-0.43,0.035,34.0,0.9769863120186367,0
-0.43,0.02,24.0,0.97677653396737,0
-0.43,0.02,10.0,0.9768228090643349,0
-0.43,0.025,40.0,0.9767926737139235,0
-0.43,0.015,34.0,0.003925364502436256,1
-0.43,0.04,36.0,0.9769802868887227,0
-0.43,0.025,32.0,0.9767166489081396,0
-0.43,0.01,26.0,0.001054430100733631,1
-0.43,0.015,40.0,0.0033922001290483824,1
-0.43,0.02,26.0,0.9767462940116896,0
-0.42,0.045,36.0,0.9748337950298471,0
-0.43,0.03,38.0,0.9767667555863397,0
-0.43,0.035,32.0,0.9769759638721822,0
-0.43,0.015,18.0,0.9768039526320936,0
-0.43,0.03,14.0,0.976878755400702,0
-0.43,0.045,24.0,0.9769097168282771,0
-0.43,0.045,22.0,0.9769019003038875,0
-0.43,0.035,40.0,0.9767569375650957,0
-0.43,0.02,28.0,0.9767840268719771,0
-0.43,0.045,14.0,0.9768505530012233,0
-0.43,0.015,26.0,0.577467307965008,0
-0.43,0.03,28.0,0.9769639106054535,0
-0.43,0.025,12.0,0.9768751981773846,0
-0.43,0.035,26.0,0.976948451378282,0
-0.43,0.015,28.0,0.9767823021036894,0
-0.43,0.01,14.0,0.9768452721379712,0
-0.43,0.045,18.0,0.9768772537648083,0
-0.43,0.03,10.0,0.97685696261102,0
-0.42,0.035,10.0,0.9747183676008274,0
-0.43,0.02,38.0,0.9767844198514999,0
-0.43,0.04,18.0,0.9768955908569887,0
-0.43,0.015,20.0,0.9768025315157497,0
-0.43,0.015,14.0,0.9768493220736998,0
-0.43,0.03,24.0,0.9769498618577047,0
-0.43,0.04,32.0,0.9769649573859167,0
-0.43,0.04,20.0,0.9769034248654557,0
-0.43,0.015,24.0,0.9768056973817361,0
-0.43,0.02,34.0,0.9767934813837866,0
-0.43,0.025,26.0,0.9769590102330422,0
-0.43,0.03,36.0,0.9767369600166464,0
-0.43,0.035,38.0,0.9770024352359294,0
-0.43,0.04,30.0,0.9769553470476655,0
-0.43,0.045,30.0,0.9769381247606247,0
-0.43,0.04,22.0,0.9769134561090362,0
-0.43,0.025,38.0,0.976789190025885,0
-0.43,0.04,38.0,0.9769890929403189,0
-0.43,0.025,18.0,0.9769171480315944,0
-0.43,0.02,32.0,0.9767983884146536,0
-0.43,0.025,16.0,0.976889846771851,0
-0.43,0.025,28.0,0.9769736828892559,0
-0.43,0.04,34.0,0.9769721649312438,0
-0.43,0.04,28.0,0.9769445340500491,0
-0.43,0.03,18.0,0.9769097176097855,0
-0.43,0.04,10.0,0.9768293626496743,0
-0.43,0.035,14.0,0.9768816798939706,0
-0.43,0.045,32.0,0.9769462208981203,0
-0.43,0.03,12.0,0.9768563226702327,0
-0.43,0.045,34.0,0.9769554092407783,0
-0.43,0.045,16.0,0.9768692230676176,0
-0.43,0.04,26.0,0.9769367912749158,0
-0.43,0.045,20.0,0.9768883692361752,0
-0.43,0.04,40.0,0.9769964795056018,0
-0.43,0.035,24.0,0.9769355066774158,0
-0.43,0.035,28.0,0.9769607370045432,0
-0.43,0.04,12.0,0.9768565265694544,0
-0.43,0.045,36.0,0.9769630495430814,0
-0.43,0.045,10.0,0.9768268669559648,0
-0.43,0.045,38.0,0.9769702142060434,0
-0.43,0.04,16.0,0.9768771755616692,0
-0.43,0.045,26.0,0.9769193316376158,0
-0.43,0.045,40.0,0.9769780263523352,0
-0.44,0.005,14.0,0.9785399431301203,0
-0.44,0.005,28.0,0.00039891408634655946,1
-0.44,0.005,10.0,0.9784747177150177,0
-0.44,0.005,16.0,0.9786111227218854,0
-0.44,0.02,32.0,0.978590331836615,0
-0.44,0.01,32.0,0.0010649559966452106,1
-0.44,0.005,36.0,0.00024968619113934957,1
-0.44,0.005,20.0,0.0029399843679183903,1
-0.44,0.005,24.0,0.0002496454390363909,1
-0.44,0.01,10.0,0.9786610120128919,0
-0.44,0.025,10.0,0.9786704346571574,0
-0.45,0.005,14.0,0.9800993969937973,0
-0.44,0.04,32.0,0.9787869627831189,0
-0.44,0.005,18.0,0.005825894139254064,1
-0.44,0.03,36.0,0.9788194150675384,0
-0.44,0.005,38.0,0.00039893889307521013,1
-0.44,0.025,32.0,0.9788008883442632,0
-0.44,0.005,34.0,0.000135821085102074,1
-0.46,0.01,12.0,0.9816105056950477,0
-0.46,0.01,14.0,0.9815917853585544,0
-0.46,0.01,16.0,0.9815621407590184,0
-0.46,0.01,18.0,0.673211102833141,0
-0.46,0.01,20.0,0.35780365284873017,0
-0.46,0.01,22.0,0.5482038364314115,0
-0.46,0.01,24.0,0.01632943928735132,1
-0.46,0.01,26.0,0.5482261343146192,0
-0.44,0.025,36.0,0.9786048276415688,0
-0.46,0.01,28.0,0.22805157713505406,0
-0.46,0.01,30.0,0.6760116076298723,0
-0.46,0.01,34.0,0.004022477808639197,1
-0.44,0.02,40.0,0.9786100630759363,0
-0.46,0.01,38.0,0.00947237794867341,1
-0.44,0.005,40.0,0.00039893143934634245,1
-0.45,0.005,22.0,0.0002532091305515074,1
-0.46,0.015,12.0,0.9815652201700262,0
-0.46,0.015,14.0,0.981587753898777,0
-0.46,0.015,16.0,0.9816336254340591,0
-0.46,0.015,18.0,0.9816628776251469,0
-0.46,0.015,20.0,0.9815778909908892,0
-0.46,0.015,22.0,0.9815514425559938,0
-0.46,0.015,24.0,0.9815482378433684,0
-0.46,0.015,26.0,0.9815225322214531,0
-0.46,0.015,28.0,0.6732863080853315,0
-0.46,0.015,30.0,0.5482508571282835,0
-0.44,0.02,10.0,0.9786313893556683,0
-0.46,0.015,34.0,0.5482087983611884,0
-0.44,0.045,36.0,0.9787880466545327,0
-0.46,0.015,38.0,0.4445827897623248,0
-0.44,0.035,40.0,0.9788300015157037,0
-0.44,0.045,40.0,0.9788033701047879,0
-0.46,0.02,12.0,0.9816177191708649,0
-0.46,0.02,14.0,0.9816506163351238,0
-0.46,0.02,16.0,0.9816507300480288,0
-0.46,0.02,18.0,0.9816472583885889,0
-0.46,0.02,20.0,0.9816620692210253,0
-0.46,0.02,22.0,0.9816895547799415,0
-0.46,0.02,24.0,0.9817086761454665,0
-0.46,0.02,26.0,0.9817132909601309,0
-0.46,0.02,28.0,0.9817140484081267,0
-0.46,0.02,30.0,0.9814919046898111,0
-0.44,0.02,36.0,0.978601313847706,0
-0.46,0.02,34.0,0.9814803224041767,0
-0.44,0.015,32.0,0.544976349817419,0
-0.46,0.02,38.0,0.9814279040041373,0
-0.45,0.005,10.0,0.9800426625845043,0
-0.45,0.005,38.0,0.0010745073371255366,1
-0.46,0.025,12.0,0.9816388693752524,0
-0.46,0.025,14.0,0.981634501737757,0
-0.46,0.025,16.0,0.9816462604996883,0
-0.46,0.025,18.0,0.9816756307210668,0
-0.46,0.025,20.0,0.9816936481243085,0
-0.46,0.025,22.0,0.9816966416970752,0
-0.46,0.025,24.0,0.981701883850031,0
-0.46,0.025,26.0,0.9817179901046715,0
-0.46,0.025,28.0,0.9817358542405249,0
-0.46,0.025,30.0,0.9817454184183916,0
-0.45,0.005,20.0,0.0017101110628515563,1
-0.46,0.025,34.0,0.9817570088203825,0
-0.45,0.01,18.0,0.9801916365986044,0
-0.46,0.025,38.0,0.9814001412502467,0
-0.45,0.01,20.0,0.017021448020788536,1
-0.45,0.015,10.0,0.9802060298703023,0
-0.44,0.005,22.0,3.293423373243879e-17,1
-0.46,0.03,12.0,0.9816219710499212,0
-0.46,0.03,14.0,0.9816412656127439,0
-0.46,0.03,18.0,0.9816783084939583,0
-0.46,0.03,16.0,0.9816697859605905,0
-0.46,0.03,20.0,0.9816832483132059,0
-0.46,0.03,22.0,0.9817002032791409,0
-0.46,0.03,24.0,0.981718219858957,0
-0.46,0.03,28.0,0.9817326122718494,0
-0.46,0.03,26.0,0.9817266859793091,0
-0.46,0.03,30.0,0.9817441413354987,0
-0.46,0.03,34.0,0.9817671815111833,0
-0.45,0.01,14.0,0.9802200065601633,0
-0.46,0.03,38.0,0.9817814974086323,0
-0.45,0.015,38.0,0.546688154474865,0
-0.44,0.04,40.0,0.9788194433039675,0
-0.46,0.035,12.0,0.9816254483680713,0
-0.46,0.035,14.0,0.981653839244267,0
-0.46,0.035,16.0,0.9816608572383086,0
-0.46,0.035,18.0,0.9816709266210415,0
-0.46,0.035,20.0,0.9816913014488233,0
-0.46,0.035,22.0,0.9817036657349775,0
-0.45,0.025,22.0,0.9803208447821337,0
-0.44,0.015,40.0,0.0034355381090741817,1
-0.46,0.035,28.0,0.9817365638932202,0
-0.46,0.035,26.0,0.9817224683133852,0
-0.46,0.035,30.0,0.9817455884398513,0
-0.46,0.035,24.0,0.9817102970285417,0
-0.46,0.035,34.0,0.9817631375657825,0
-0.46,0.035,38.0,0.981781886279595,0
-0.45,0.015,24.0,0.9801354075161803,0
-0.45,0.025,38.0,0.9802436950294783,0
-0.46,0.04,12.0,0.9816328301986997,0
-0.46,0.04,14.0,0.9816426192946138,0
-0.46,0.04,16.0,0.9816539190603671,0
-0.46,0.04,18.0,0.9816742076484128,0
-0.46,0.04,20.0,0.9816841815086931,0
-0.46,0.04,22.0,0.9816934093104395,0
-0.46,0.04,24.0,0.9817083663320011,0
-0.46,0.04,26.0,0.9817194825064083,0
-0.46,0.04,28.0,0.9817273578517549,0
-0.46,0.04,30.0,0.981738079293987,0
-0.45,0.005,34.0,0.0008137846853763418,1
-0.46,0.04,34.0,0.9817572925188647,0
-0.45,0.01,16.0,0.9801602710237595,0
-0.46,0.04,38.0,0.9817747135220617,0
-0.44,0.005,30.0,0.0008059610779007645,1
-0.45,0.005,30.0,0.0017103841687815093,1
-0.46,0.045,12.0,0.9816235155175475,0
-0.46,0.045,14.0,0.9816324754722838,0
-0.46,0.045,16.0,0.9816526099771795,0
-0.46,0.045,18.0,0.9816629322152352,0
-0.46,0.045,20.0,0.9816736596208463,0
-0.46,0.045,22.0,0.9816886018361209,0
-0.46,0.045,24.0,0.9816980503025694,0
-0.46,0.045,26.0,0.9817075800755908,0
-0.46,0.045,28.0,0.981719468252406,0
-0.46,0.045,30.0,0.9817286711088521,0
-0.44,0.04,10.0,0.9786468843625833,0
-0.46,0.045,34.0,0.9817467454566722,0
-0.44,0.005,32.0,5.24474469494285e-16,1
-0.46,0.045,38.0,0.9817632370555425,0
-0.44,0.005,12.0,0.9784849647838906,0
-0.45,0.005,16.0,0.9801710148209041,0
-0.44,0.005,26.0,5.408842310781097e-16,1
-0.45,0.01,34.0,0.0020871715674181594,1
-0.45,0.015,12.0,0.9801949616927594,0
-0.45,0.005,26.0,0.0008137010786634444,1
-0.45,0.035,12.0,0.9802476271504778,0
-0.45,0.025,18.0,0.9803014015657163,0
-0.45,0.005,40.0,0.0010745053424564643,1
-0.45,0.01,22.0,0.0034402577986153916,1
-0.45,0.02,14.0,0.9802761322808267,0
-0.44,0.035,36.0,0.9788155391087373,0
-0.45,0.015,28.0,0.9801736191234893,0
-0.45,0.02,32.0,0.9800620798599102,0
-0.44,0.015,36.0,0.004540146217236104,1
-0.44,0.045,32.0,0.9787705739589223,0
-0.44,0.03,10.0,0.9786723558002954,0
-0.45,0.01,38.0,0.0029603861223117815,1
-0.45,0.01,12.0,0.9802372403373618,0
-0.45,0.01,24.0,0.6714761008946458,0
-0.45,0.02,28.0,0.9801261506789115,0
-0.45,0.015,14.0,0.9802197166995144,0
-0.45,0.03,10.0,0.9802467081971754,0
-0.45,0.01,40.0,0.0020866568968990057,1
-0.44,0.01,40.0,0.003418079946184471,1
-0.45,0.025,36.0,0.9799850490611751,0
-0.45,0.02,12.0,0.9802460590134549,0
-0.45,0.02,38.0,0.9802094351228274,0
-0.44,0.015,10.0,0.978636837052439,0
-0.45,0.035,10.0,0.9802297483546125,0
-0.44,0.04,36.0,0.9788026199021792,0
-0.44,0.045,10.0,0.9786464263818242,0
-0.45,0.015,26.0,0.5466982637276903,0
-0.45,0.01,10.0,0.9802286444638207,0
-0.45,0.02,24.0,0.9803351175160729,0
-0.45,0.015,30.0,0.9801376063330539,0
-0.45,0.005,28.0,0.0005903600324039765,1
-0.45,0.01,36.0,0.005785848608960753,1
-0.45,0.035,34.0,0.9803832725401704,0
-0.45,0.015,32.0,0.9801282416833962,0
-0.44,0.01,36.0,0.0024852352836409533,1
-0.45,0.03,40.0,0.9800554405444374,0
-0.44,0.035,10.0,0.9786542849373585,0
-0.45,0.02,36.0,0.9801791315676472,0
-0.44,0.025,40.0,0.9786114447028733,0
-0.45,0.015,40.0,0.014817701861477512,1
-0.45,0.015,16.0,0.9802640418755927,0
-0.45,0.01,30.0,0.002087045401636459,1
-0.45,0.03,28.0,0.9803551553272177,0
-0.45,0.035,36.0,0.980393548138129,0
-0.45,0.02,16.0,0.9802759915056841,0
-0.45,0.005,36.0,0.0013732077955768167,1
-0.45,0.02,10.0,0.9801989269836858,0
-0.45,0.005,24.0,0.00013823792794103796,1
-0.45,0.025,28.0,0.9803607268720291,0
-0.45,0.03,12.0,0.9802446265601353,0
-0.45,0.02,40.0,0.9801923368714209,0
-0.44,0.03,32.0,0.9788050972762937,0
-0.45,0.005,18.0,0.0016972252532495872,1
-0.44,0.03,40.0,0.9785261235414688,0
-0.44,0.035,32.0,0.978795357827291,0
-0.45,0.035,14.0,0.9802748955175555,0
-0.45,0.025,40.0,0.9801056698158417,0
-0.45,0.025,26.0,0.9803439235543241,0
-0.45,0.025,32.0,0.9803740021030386,0
-0.45,0.005,12.0,0.9800473206732316,0
-0.45,0.03,18.0,0.9803004206308418,0
-0.45,0.04,24.0,0.9803270966320689,0
-0.45,0.015,20.0,0.9801882295498048,0
-0.45,0.03,26.0,0.980348683902553,0
-0.45,0.015,36.0,0.9801924756020229,0
-0.45,0.035,20.0,0.9803125460048656,0
-0.45,0.03,16.0,0.9802927718919674,0
-0.45,0.015,34.0,0.9801963799555619,0
-0.45,0.015,22.0,0.9801925379163549,0
-0.45,0.04,26.0,0.9803375313540647,0
-0.45,0.035,26.0,0.9803433573914823,0
-0.45,0.035,16.0,0.9802813183836157,0
-0.45,0.025,14.0,0.9802587718148251,0
-0.45,0.025,10.0,0.9802411706867217,0
-0.45,0.03,36.0,0.9803951690505118,0
-0.45,0.025,30.0,0.9803694139476661,0
-0.45,0.035,32.0,0.9803728822631433,0
-0.45,0.01,32.0,0.002960145895455909,1
-0.45,0.03,24.0,0.9803408797795139,0
-0.45,0.035,22.0,0.9803239184925423,0
-0.45,0.025,16.0,0.9802724933267074,0
-0.45,0.04,10.0,0.9802230786876686,0
-0.45,0.04,32.0,0.980366834727319,0
-0.45,0.005,32.0,0.00013826411698429877,1
-0.45,0.04,18.0,0.9802933964058297,0
-0.45,0.04,16.0,0.980273520464171,0
-0.45,0.025,12.0,0.9802622003997423,0
-0.45,0.01,28.0,0.002960773294994198,1
-0.45,0.02,26.0,0.9803394034455887,0
-0.45,0.025,24.0,0.9803273923946209,0
-0.45,0.03,14.0,0.9802654597216341,0
-0.45,0.01,26.0,0.003458911013071071,1
-0.45,0.03,34.0,0.9803889175323758,0
-0.45,0.025,20.0,0.9803177922357826,0
-0.45,0.03,38.0,0.9804037560809218,0
-0.45,0.02,20.0,0.9802909589574798,0
-0.45,0.02,22.0,0.9803176977405531,0
-0.45,0.025,34.0,0.9801099920611736,0
-0.45,0.035,28.0,0.9803569214078316,0
-0.45,0.02,30.0,0.9801228046519523,0
-0.45,0.035,38.0,0.9804011679462622,0
-0.45,0.035,40.0,0.9804083636817277,0
-0.45,0.04,40.0,0.9804002382125792,0
-0.45,0.04,22.0,0.9803122121975985,0
-0.45,0.03,32.0,0.9803803109043266,0
-0.45,0.04,20.0,0.9803026014039763,0
-0.45,0.04,28.0,0.9803453787104373,0
-0.45,0.045,30.0,0.9803443121898192,0
-0.45,0.02,18.0,0.980274550521199,0
-0.45,0.04,14.0,0.9802613799676776,0
-0.45,0.035,18.0,0.9802924004394037,0
-0.45,0.04,12.0,0.9802525040899598,0
-0.45,0.015,18.0,0.9802907218252962,0
-0.45,0.03,22.0,0.9803238698467643,0
-0.45,0.02,34.0,0.9802004510631717,0
-0.45,0.045,22.0,0.9803053324414652,0
-0.45,0.04,30.0,0.9803562432505383,0
-0.45,0.03,30.0,0.980367144654203,0
-0.45,0.045,36.0,0.9803706666933304,0
-0.45,0.045,10.0,0.9802243937338454,0
-0.45,0.03,20.0,0.9803063643217251,0
-0.45,0.04,34.0,0.9803746937480866,0
-0.45,0.035,30.0,0.9803653751854382,0
-0.45,0.04,38.0,0.9803920594493148,0
-0.45,0.035,24.0,0.980330741774927,0
-0.45,0.045,20.0,0.9802907004518001,0
-0.45,0.045,14.0,0.9802502199537664,0
-0.45,0.045,26.0,0.9803238762256692,0
-0.45,0.04,36.0,0.9803828286979142,0
-0.45,0.045,12.0,0.9802407999748107,0
-0.45,0.045,18.0,0.9802796878956843,0
-0.45,0.045,16.0,0.9802701541144203,0
-0.45,0.045,38.0,0.9803782040849615,0
-0.46,0.005,14.0,0.981463818138477,0
-0.45,0.045,24.0,0.9803142339156704,0
-0.45,0.045,32.0,0.9803526136448875,0
-0.45,0.045,34.0,0.980362236510116,0
-0.46,0.005,10.0,0.9814171739257593,0
-0.45,0.045,40.0,0.9803863094806142,0
-0.45,0.045,28.0,0.9803355614222822,0
-0.46,0.01,36.0,0.01484331667554533,1
-0.46,0.01,40.0,0.006388155134421772,1
-0.46,0.005,40.0,0.0005960767638369943,1
-0.46,0.005,38.0,0.0010827114670518626,1
-0.46,0.015,36.0,0.4500606239439922,0
-0.46,0.01,32.0,0.07617170814163807,1
-0.46,0.03,32.0,0.9817578768017158,0
-0.46,0.005,28.0,0.00014056824881550684,1
-0.46,0.045,32.0,0.9817370162694952,0
-0.46,0.005,20.0,0.0020855858346773633,1
-0.46,0.005,32.0,0.0010829209401900632,1
-0.46,0.005,18.0,0.00459403678559936,1
-0.46,0.025,40.0,0.9814695739194398,0
-0.46,0.025,32.0,0.9817496281033271,0
-0.46,0.005,12.0,0.9814154976875729,0
-0.47,0.005,20.0,0.002111662757654421,1
-0.48,0.01,12.0,0.9838985971533554,0
-0.48,0.01,14.0,0.9838766956049192,0
-0.48,0.01,16.0,0.9838510267207982,0
-0.48,0.01,18.0,0.9837852855059734,0
-0.48,0.01,20.0,0.5509094101760466,0
-0.48,0.01,22.0,0.6762499034716106,0
-0.48,0.01,24.0,0.9839014492462504,0
-0.48,0.01,26.0,0.9838254001591484,0
-0.48,0.01,28.0,0.5575895475276189,0
-0.48,0.01,30.0,0.3642942730183664,0
-0.46,0.035,40.0,0.9817890156523293,0
-0.48,0.01,34.0,0.4523356928386963,0
-0.47,0.005,34.0,3.5068162786536824e-16,1
-0.48,0.01,38.0,0.5509142794146489,0
-0.46,0.005,36.0,0.001722274817735253,1
-0.46,0.03,40.0,0.981792002717606,0
-0.48,0.015,12.0,0.9838466646693543,0
-0.48,0.015,14.0,0.9838623179347388,0
-0.48,0.015,16.0,0.9839093982358295,0
-0.48,0.015,18.0,0.9839437503209599,0
-0.48,0.015,20.0,0.9839485861469559,0
-0.46,0.045,36.0,0.9817555315144221,0
-0.48,0.015,22.0,0.9838511812979571,0
-0.48,0.015,24.0,0.9837760508034146,0
-0.48,0.015,26.0,0.9836681765009122,0
-0.48,0.015,28.0,0.9839233769952176,0
-0.48,0.015,30.0,0.9838772267444671,0
-0.48,0.015,34.0,0.9840554372171024,0
-0.46,0.045,10.0,0.981605746606231,0
-0.48,0.015,38.0,0.9838835369213493,0
-0.46,0.02,32.0,0.9814636814321429,0
-0.46,0.035,36.0,0.9817738517194494,0
-0.48,0.02,12.0,0.9838983628492284,0
-0.48,0.02,14.0,0.9839364178897836,0
-0.48,0.02,16.0,0.9839374387653287,0
-0.48,0.02,18.0,0.9839293150293479,0
-0.48,0.02,20.0,0.9839393657370887,0
-0.48,0.02,22.0,0.9839671337264277,0
-0.47,0.005,12.0,0.9826237414213563,0
-0.48,0.02,26.0,0.9839954465834327,0
-0.48,0.02,24.0,0.9839897552838663,0
-0.48,0.02,28.0,0.9839934791106415,0
-0.48,0.02,30.0,0.9839982856232314,0
-0.48,0.02,34.0,0.9838223590009696,0
-0.46,0.025,36.0,0.9814549569095131,0
-0.48,0.02,38.0,0.9837775822047921,0
-0.47,0.01,36.0,0.549641341762647,0
-0.47,0.005,30.0,0.0010612892152257092,1
-0.48,0.025,12.0,0.9839296305116021,0
-0.48,0.025,14.0,0.9839234630950272,0
-0.48,0.025,16.0,0.9839298805912289,0
-0.48,0.025,18.0,0.9839586553949654,0
-0.48,0.025,20.0,0.9839798389079442,0
-0.48,0.025,22.0,0.9839829160737333,0
-0.48,0.025,24.0,0.9839848503068843,0
-0.48,0.025,26.0,0.9839988441026151,0
-0.48,0.025,28.0,0.98401822085022,0
-0.48,0.025,30.0,0.9840297805506879,0
-0.46,0.02,40.0,0.9815378712082728,0
-0.48,0.025,34.0,0.9840382312794135,0
-0.46,0.015,40.0,0.9816020323191719,0
-0.48,0.025,38.0,0.9837816299247573,0
-0.46,0.005,34.0,0.0005711451453326141,1
-0.46,0.005,24.0,0.0025193772461766274,1
-0.48,0.03,12.0,0.9839145487692527,0
-0.48,0.03,14.0,0.9839290780602813,0
-0.48,0.03,16.0,0.9839588124821115,0
-0.48,0.03,18.0,0.9839692768294306,0
-0.46,0.045,40.0,0.9817714270441468,0
-0.48,0.03,20.0,0.9839718289562228,0
-0.48,0.03,22.0,0.9839864756171932,0
-0.48,0.03,24.0,0.9840058253110445,0
-0.48,0.03,26.0,0.9840157037365579,0
-0.48,0.03,28.0,0.9840203093263503,0
-0.46,0.005,16.0,0.981535244039417,0
-0.48,0.03,30.0,0.9840300644019397,0
-0.48,0.03,34.0,0.9840549297629628,0
-0.48,0.03,38.0,0.9840676788526408,0
-0.46,0.04,32.0,0.9817490863960364,0
-0.46,0.005,30.0,0.0013445862067039491,1
-0.48,0.035,12.0,0.9839179747658425,0
-0.48,0.035,14.0,0.9839472346636288,0
-0.48,0.035,16.0,0.9839556228382464,0
-0.48,0.035,18.0,0.983963012464845,0
-0.48,0.035,20.0,0.9839826934243778,0
-0.48,0.035,22.0,0.9839968082882387,0
-0.48,0.035,24.0,0.9840029418749743,0
-0.48,0.035,26.0,0.9840134840259066,0
-0.48,0.035,28.0,0.9840279826707047,0
-0.48,0.035,30.0,0.9840380495040503,0
-0.47,0.005,28.0,0.0006011633152791367,1
-0.48,0.035,34.0,0.9840541531655606,0
-0.47,0.015,36.0,0.982805261541808,0
-0.48,0.035,38.0,0.9840739940488777,0
-0.46,0.005,22.0,0.0004081718999398932,1
-0.47,0.01,20.0,0.5496094500638581,0
-0.48,0.04,12.0,0.9839295662050094,0
-0.48,0.04,14.0,0.9839412125692995,0
-0.48,0.04,16.0,0.983950234380962,0
-0.48,0.04,18.0,0.9839702317952642,0
-0.48,0.04,20.0,0.9839815868633902,0
-0.48,0.04,22.0,0.9839896983455381,0
-0.48,0.04,24.0,0.9840040029212805,0
-0.48,0.04,26.0,0.9840161615240837,0
-0.48,0.04,28.0,0.9840239509262193,0
-0.48,0.04,30.0,0.9840338762016756,0
-0.46,0.02,10.0,0.981570468678914,0
-0.48,0.04,34.0,0.9840539951297731,0
-0.47,0.005,10.0,0.9826326047858974,0
-0.48,0.04,38.0,0.9840708741322751,0
-0.46,0.03,36.0,0.9817733247461201,0
-0.47,0.02,16.0,0.9828625682725604,0
-0.48,0.045,12.0,0.9839254407268715,0
-0.48,0.045,14.0,0.9839332292859012,0
-0.48,0.045,16.0,0.9839525659264752,0
-0.48,0.045,18.0,0.9839642114660887,0
-0.47,0.005,36.0,5.410134936124222e-16,1
-0.48,0.045,20.0,0.9839739443697235,0
-0.48,0.045,22.0,0.9839887478035442,0
-0.48,0.045,24.0,0.9839990628785813,0
-0.48,0.045,26.0,0.9840080542352656,0
-0.48,0.045,28.0,0.9840198023187706,0
-0.48,0.045,30.0,0.9840296593852078,0
-0.48,0.045,34.0,0.984047425167911,0
-0.47,0.015,12.0,0.9827736843138158,0
-0.48,0.045,38.0,0.9840645059841246,0
-0.47,0.015,16.0,0.9828400585352433,0
-0.46,0.03,10.0,0.9816248119249247,0
-0.47,0.01,32.0,0.3634038054376989,0
-0.46,0.015,32.0,0.981574241068426,0
-0.47,0.005,22.0,0.0021124791260320143,1
-0.46,0.01,10.0,0.9816009454250497,0
-0.47,0.01,24.0,0.5562558403554506,0
-0.47,0.01,14.0,0.982801994103321,0
-0.47,0.01,30.0,0.5563891484723246,0
-0.47,0.005,26.0,0.00025963702187782985,1
-0.46,0.04,36.0,0.9817653770479555,0
-0.47,0.005,24.0,0.00025964441746252604,1
-0.46,0.035,32.0,0.9817529129088682,0
-0.46,0.005,26.0,0.0001405622801123117,1
-0.47,0.005,18.0,0.002975052407548657,1
-0.46,0.015,10.0,0.9815799289537116,0
-0.47,0.005,32.0,0.0006011695827762315,1
-0.47,0.01,10.0,0.9828117338754512,0
-0.47,0.015,28.0,0.6747857926646543,0
-0.47,0.015,14.0,0.9827931940778905,0
-0.47,0.025,18.0,0.9828861115024361,0
-0.47,0.02,18.0,0.9828568356777746,0
-0.46,0.02,36.0,0.9815058145943792,0
-0.47,0.02,34.0,0.9827592484653477,0
-0.47,0.01,16.0,0.9827817108377074,0
-0.47,0.02,12.0,0.9828264422293908,0
-0.46,0.04,10.0,0.9816029347361002,0
-0.47,0.01,18.0,0.9827615918555286,0
-0.47,0.02,28.0,0.9829228304955137,0
-0.47,0.015,30.0,0.9825588662113267,0
-0.47,0.025,40.0,0.9826890676703771,0
-0.47,0.01,26.0,0.5497302983537941,0
-0.46,0.025,10.0,0.9816153894047803,0
-0.47,0.025,10.0,0.9828267590993274,0
-0.47,0.015,24.0,0.9826450654416161,0
-0.47,0.005,38.0,0.003495994188194101,1
-0.47,0.01,28.0,0.36333892549185187,0
-0.46,0.035,10.0,0.9816090951110885,0
-0.47,0.015,34.0,0.6748142763203808,0
-0.47,0.005,16.0,0.9827375033525144,0
-0.47,0.02,14.0,0.9828620738641654,0
-0.47,0.01,40.0,0.03138438947011158,1
-0.47,0.005,40.0,0.0008017995725329819,1
-0.47,0.03,16.0,0.9828832250952824,0
-0.47,0.015,26.0,0.9827784777889484,0
-0.47,0.015,38.0,0.6747350883514853,0
-0.47,0.02,40.0,0.9825655922529104,0
-0.47,0.02,30.0,0.9829297169094661,0
-0.47,0.005,14.0,0.982667173186857,0
-0.47,0.02,22.0,0.982897422595107,0
-0.47,0.03,36.0,0.9829867866371161,0
-0.47,0.01,22.0,0.4457212541910893,0
-0.47,0.03,32.0,0.9829707363464798,0
-0.47,0.02,32.0,0.9826501141764052,0
-0.47,0.025,34.0,0.9829671681954478,0
-0.47,0.025,36.0,0.9829795637426255,0
-0.46,0.04,40.0,0.981783254673736,0
-0.47,0.025,16.0,0.9828567310701325,0
-0.47,0.025,12.0,0.9828527237745408,0
-0.47,0.03,28.0,0.9829458357645784,0
-0.47,0.025,26.0,0.9829277378132666,0
-0.47,0.02,10.0,0.9827799544467939,0
-0.47,0.03,34.0,0.9829807542509953,0
-0.47,0.04,16.0,0.9828709089726173,0
-0.47,0.03,12.0,0.9828366381049845,0
-0.47,0.01,34.0,0.5563040905287168,0
-0.47,0.03,30.0,0.9829566252063744,0
-0.47,0.04,12.0,0.9828499053171323,0
-0.47,0.015,18.0,0.9828719113489591,0
-0.47,0.015,22.0,0.9827541661192783,0
-0.47,0.035,20.0,0.9829061474576274,0
-0.47,0.035,16.0,0.9828770677804289,0
-0.47,0.04,14.0,0.9828606586573982,0
-0.47,0.02,36.0,0.9827058865069969,0
-0.47,0.03,26.0,0.9829405407001633,0
-0.47,0.03,18.0,0.9828927137103174,0
-0.47,0.015,40.0,0.9825594431440424,0
-0.47,0.04,24.0,0.9829255005498154,0
-0.47,0.025,38.0,0.9826169221810969,0
-0.47,0.035,32.0,0.9829684582067826,0
-0.47,0.015,20.0,0.98285543343373,0
-0.47,0.035,28.0,0.982951787635511,0
-0.47,0.015,32.0,0.6748528412955355,0
-0.47,0.035,18.0,0.9828858960635695,0
-0.47,0.025,22.0,0.9829087760929782,0
-0.47,0.025,20.0,0.9829057790428543,0
-0.47,0.01,12.0,0.9828222888823585,0
-0.47,0.04,10.0,0.9828201555151865,0
-0.47,0.03,22.0,0.9829125225010249,0
-0.47,0.015,10.0,0.9827924325723852,0
-0.47,0.035,30.0,0.9829613717175895,0
-0.47,0.04,22.0,0.9829107170573587,0
-0.47,0.03,20.0,0.9828965078405302,0
-0.47,0.025,14.0,0.9828474195223712,0
-0.47,0.02,26.0,0.9829233982772159,0
-0.47,0.01,38.0,0.4514072246136417,0
-0.47,0.02,24.0,0.9829183262719109,0
-0.47,0.045,12.0,0.9828431397325301,0
-0.47,0.02,20.0,0.9828695326844644,0
-0.47,0.035,38.0,0.9829977718327877,0
-0.47,0.035,22.0,0.9829194620496738,0
-0.47,0.02,38.0,0.9826938086445849,0
-0.47,0.035,34.0,0.9829783328063622,0
-0.47,0.04,20.0,0.9829019902341167,0
-0.47,0.04,36.0,0.9829832735072456,0
-0.47,0.025,30.0,0.9829570505845706,0
-0.47,0.025,28.0,0.9829465080100901,0
-0.47,0.03,10.0,0.9828402129048852,0
-0.47,0.035,12.0,0.982840249937493,0
-0.47,0.035,24.0,0.9829258635892633,0
-0.47,0.035,14.0,0.9828693701233199,0
-0.47,0.025,32.0,0.9829608720147934,0
-0.47,0.045,20.0,0.9828928633804715,0
-0.47,0.045,18.0,0.9828825636626195,0
-0.47,0.03,24.0,0.9829313640026017,0
-0.47,0.04,34.0,0.9829753091924036,0
-0.47,0.03,14.0,0.9828538300713532,0
-0.47,0.04,38.0,0.9829925883088706,0
-0.47,0.04,26.0,0.9829372199513031,0
-0.47,0.04,40.0,0.9830014095348035,0
-0.47,0.035,26.0,0.9829373492141628,0
-0.47,0.045,32.0,0.982956987536269,0
-0.47,0.04,18.0,0.9828912703969976,0
-0.47,0.025,24.0,0.9829124601832329,0
-0.47,0.035,40.0,0.9830047940210467,0
-0.47,0.035,36.0,0.9829893437459365,0
-0.48,0.005,12.0,0.9836986214832126,0
-0.47,0.04,32.0,0.9829667905030471,0
-0.47,0.045,10.0,0.9828241856246577,0
-0.47,0.04,28.0,0.9829450826054483,0
-0.47,0.035,10.0,0.9828259464812408,0
-0.48,0.005,10.0,0.9837156390566041,0
-0.48,0.005,14.0,0.9837357047193955,0
-0.47,0.03,38.0,0.9829943679276211,0
-0.47,0.04,30.0,0.9829555000943324,0
-0.47,0.03,40.0,0.9830049361530027,0
-0.47,0.045,30.0,0.9829486606489867,0
-0.47,0.045,16.0,0.9828715063629114,0
-0.47,0.045,14.0,0.982851550479836,0
-0.47,0.045,24.0,0.9829178249796611,0
-0.47,0.045,22.0,0.9829078842296984,0
-0.47,0.045,26.0,0.982927141805784,0
-0.47,0.045,40.0,0.982991789027962,0
-0.47,0.045,34.0,0.982966702508036,0
-0.47,0.045,36.0,0.982975765984695,0
-0.47,0.045,28.0,0.9829390693524082,0
-0.48,0.01,32.0,0.9836953411094685,0
-0.48,0.005,32.0,0.0021218669554091203,1
-0.48,0.01,10.0,0.98388706540718,0
-0.48,0.005,34.0,0.004671628963903513,1
-0.48,0.005,28.0,0.009578745999481211,1
-0.48,0.02,10.0,0.9838537047240944,0
-0.49,0.005,14.0,0.9846902018136106,0
-0.49,0.005,10.0,0.9846875097812908,0
-0.48,0.01,40.0,0.5575809351769025,0
-0.48,0.015,10.0,0.9838697141768645,0
-0.48,0.015,36.0,0.9839154026050332,0
-0.49,0.005,18.0,0.9847473163639134,0
-0.47,0.045,38.0,0.9829835938863366,0
-0.48,0.01,36.0,0.5508910091251085,0
-0.48,0.005,40.0,0.0008326323436804584,1
-0.49,0.005,32.0,0.08704656068253393,1
-0.5,0.01,12.0,0.9857225256272116,0
-0.5,0.01,14.0,0.9856978007185057,0
-0.5,0.01,16.0,0.9856656264609235,0
-0.5,0.01,18.0,0.9856155690259274,0
-0.5,0.01,20.0,0.9854795845642839,0
-0.5,0.01,22.0,0.5530581657128314,0
-0.5,0.01,24.0,0.45421309112199176,0
-0.48,0.045,32.0,0.984037884563818,0
-0.5,0.01,26.0,0.9857168358788453,0
-0.5,0.01,28.0,0.9857512566708023,0
-0.5,0.01,30.0,0.9857234887883368,0
-0.5,0.01,34.0,0.4542871276974044,0
-0.48,0.005,22.0,0.003005628940479057,1
-0.5,0.01,38.0,0.9856577458668643,0
-0.48,0.035,36.0,0.984065247764898,0
-0.48,0.005,18.0,0.13914626353661833,1
-0.5,0.015,12.0,0.985665749659387,0
-0.5,0.015,14.0,0.985671556774027,0
-0.5,0.015,16.0,0.9857159211840694,0
-0.5,0.015,18.0,0.9857540908054294,0
-0.5,0.015,20.0,0.9857608781385948,0
-0.5,0.015,22.0,0.9857480293890768,0
-0.5,0.015,24.0,0.9856491787775842,0
-0.5,0.015,26.0,0.9855964215045783,0
-0.5,0.015,28.0,0.9855945988856375,0
-0.5,0.015,30.0,0.9856091375948673,0
-0.48,0.005,36.0,0.05950799411889677,1
-0.5,0.015,34.0,0.9856724101717842,0
-0.48,0.005,38.0,0.006598656768813729,1
-0.5,0.015,38.0,0.9855737249299157,0
-0.48,0.025,40.0,0.9837603808031742,0
-0.48,0.015,40.0,0.9838651984518072,0
-0.5,0.02,12.0,0.9857113147548853,0
-0.5,0.02,14.0,0.9857522460125994,0
-0.5,0.02,16.0,0.9857546745924393,0
-0.5,0.02,18.0,0.9857419462010056,0
-0.5,0.02,20.0,0.985745417906245,0
-0.5,0.02,22.0,0.9857708001233253,0
-0.5,0.02,24.0,0.9857958223074914,0
-0.5,0.02,26.0,0.9858030629380962,0
-0.5,0.02,28.0,0.9857985534632645,0
-0.5,0.02,30.0,0.9857985318931163,0
-0.49,0.005,28.0,0.22988798837431015,0
-0.5,0.02,34.0,0.9857020001062617,0
-0.49,0.005,34.0,0.06559020554631359,1
-0.5,0.02,38.0,0.9856245983156122,0
-0.48,0.03,10.0,0.9839187742831234,0
-0.48,0.005,24.0,0.0010970897839541124,1
-0.5,0.025,12.0,0.9857508590885351,0
-0.5,0.025,14.0,0.9857434778477837,0
-0.5,0.025,16.0,0.9857432692113341,0
-0.5,0.025,18.0,0.9857685627167866,0
-0.5,0.025,20.0,0.9857916024332648,0
-0.5,0.025,22.0,0.9857950049199484,0
-0.5,0.025,24.0,0.9857932588484373,0
-0.5,0.025,26.0,0.9858033949413828,0
-0.5,0.025,28.0,0.9858225543244448,0
-0.5,0.025,30.0,0.9858357728684116,0
-0.49,0.01,22.0,0.9850058127098512,0
-0.5,0.025,34.0,0.9858407342611665,0
-0.48,0.005,16.0,0.9838037346270417,0
-0.5,0.025,38.0,0.9858636820215555,0
-0.49,0.005,12.0,0.9846612756343565,0
-0.49,0.005,20.0,0.0284506877583633,1
-0.5,0.03,12.0,0.9857384964231354,0
-0.5,0.03,14.0,0.9857464054975191,0
-0.5,0.03,16.0,0.9857745115277603,0
-0.5,0.03,18.0,0.9857864836553004,0
-0.5,0.03,20.0,0.9857865483415098,0
-0.5,0.03,22.0,0.9857972640981612,0
-0.5,0.03,24.0,0.985816172040507,0
-0.5,0.03,26.0,0.9858270685400816,0
-0.5,0.03,28.0,0.9858302469689099,0
-0.5,0.03,30.0,0.9858371741701216,0
-0.48,0.03,36.0,0.9840608567753912,0
-0.5,0.03,34.0,0.9858617802440165,0
-0.48,0.005,30.0,0.0013996620236999516,1
-0.5,0.03,38.0,0.9858723928186341,0
-0.49,0.005,24.0,0.00297523936774042,1
-0.49,0.005,26.0,0.0025523237462522796,1
-0.5,0.035,12.0,0.9857407749413227,0
-0.5,0.035,14.0,0.985767888503524,0
-0.5,0.035,16.0,0.9857772719134823,0
-0.5,0.035,18.0,0.9857814665130155,0
-0.5,0.035,20.0,0.9857984458154044,0
-0.5,0.035,22.0,0.9858132028564104,0
-0.5,0.035,24.0,0.9858186836418057,0
-0.5,0.035,26.0,0.985826655145865,0
-0.5,0.035,28.0,0.9858401210331097,0
-0.5,0.035,30.0,0.9858505969047929,0
-0.49,0.01,10.0,0.9848474495920952,0
-0.5,0.035,34.0,0.9858641789632959,0
-0.48,0.015,32.0,0.9836087728338258,0
-0.5,0.035,38.0,0.9858834862077012,0
-0.48,0.02,36.0,0.9838653373730674,0
-0.49,0.01,36.0,0.984914562263727,0
-0.5,0.04,12.0,0.985754706223541,0
-0.5,0.04,14.0,0.9857672997612413,0
-0.5,0.04,16.0,0.9857735371845939,0
-0.5,0.04,18.0,0.9857912281084786,0
-0.5,0.04,20.0,0.9858030953969152,0
-0.5,0.04,22.0,0.9858097029565605,0
-0.5,0.04,24.0,0.9858220029111434,0
-0.5,0.04,26.0,0.9858341635537039,0
-0.5,0.04,28.0,0.9858415359825177,0
-0.5,0.04,30.0,0.9858499000624915,0
-0.48,0.02,40.0,0.9836548914873132,0
-0.48,0.005,20.0,0.0025426028231749095,1
-0.48,0.025,36.0,0.9840499538055091,0
-0.5,0.04,38.0,0.98588445682054,0
-0.5,0.04,34.0,0.9858693042001568,0
-0.49,0.015,28.0,0.9846901740642815,0
-0.5,0.045,12.0,0.9857555732995911,0
-0.5,0.045,14.0,0.9857619174079375,0
-0.5,0.045,16.0,0.9857785750665657,0
-0.5,0.045,18.0,0.9857905186088088,0
-0.5,0.045,20.0,0.985798735637888,0
-0.5,0.045,22.0,0.9858120045170368,0
-0.5,0.045,24.0,0.9858223982171951,0
-0.5,0.045,26.0,0.9858303846799013,0
-0.5,0.045,28.0,0.9858409521183102,0
-0.49,0.015,24.0,0.9847541689419724,0
-0.5,0.045,30.0,0.9858506905206245,0
-0.5,0.045,34.0,0.9858669834099669,0
-0.49,0.015,14.0,0.9848160701241617,0
-0.5,0.045,38.0,0.9858834456705896,0
-0.48,0.005,26.0,0.001741345382801424,1
-0.49,0.015,40.0,0.984853482643243,0
-0.49,0.015,22.0,0.9848496125117057,0
-0.49,0.02,24.0,0.9849433715727153,0
-0.49,0.01,24.0,0.6775517586318741,0
-0.49,0.005,16.0,0.9847544099215206,0
-0.48,0.025,32.0,0.9840332589136085,0
-0.48,0.03,32.0,0.9840442582808033,0
-0.49,0.005,38.0,0.002533941262569879,1
-0.49,0.015,12.0,0.9848050393757186,0
-0.48,0.045,36.0,0.9840566342057294,0
-0.49,0.015,18.0,0.9848989305994998,0
-0.48,0.02,32.0,0.9838767427529942,0
-0.48,0.035,40.0,0.9840808547016126,0
-0.49,0.015,26.0,0.9846890193667048,0
-0.49,0.015,10.0,0.9848324406763058,0
-0.49,0.015,30.0,0.9848943383438218,0
-0.49,0.01,38.0,0.12650368246734897,1
-0.48,0.035,32.0,0.9840448379413135,0
-0.48,0.04,32.0,0.9840452466596347,0
-0.49,0.01,30.0,0.9848093002490769,0
-0.49,0.01,40.0,0.6775756980118586,0
-0.49,0.005,22.0,0.002130205428098664,1
-0.49,0.01,26.0,0.3652356070034927,0
-0.48,0.03,40.0,0.9840779624923724,0
-0.48,0.025,10.0,0.9839013480453163,0
-0.48,0.04,36.0,0.9840617485365749,0
-0.49,0.005,30.0,0.002565830139909419,1
-0.48,0.04,40.0,0.9840798398840636,0
-0.49,0.025,38.0,0.9850152029195742,0
-0.49,0.015,36.0,0.9846273573430734,0
-0.48,0.035,10.0,0.9839061970399244,0
-0.49,0.02,30.0,0.9849489922202734,0
-0.49,0.02,22.0,0.9849192990665662,0
-0.49,0.02,38.0,0.9847744688293562,0
-0.49,0.03,12.0,0.9848762599311272,0
-0.49,0.015,16.0,0.98486237920816,0
-0.49,0.015,38.0,0.9851441865107778,0
-0.49,0.03,18.0,0.9849283349757472,0
-0.49,0.035,26.0,0.9849710770481396,0
-0.48,0.045,40.0,0.9840725942272086,0
-0.49,0.025,14.0,0.9848832298513205,0
-0.48,0.04,10.0,0.9839007059959547,0
-0.49,0.025,10.0,0.9848599148027469,0
-0.49,0.01,28.0,0.9848666095311819,0
-0.49,0.01,16.0,0.9848074980043164,0
-0.49,0.01,18.0,0.9847520265221369,0
-0.49,0.025,24.0,0.9849395371868443,0
-0.49,0.025,20.0,0.9849362241271665,0
-0.48,0.045,10.0,0.983905668440185,0
-0.49,0.03,36.0,0.9850156048227909,0
-0.49,0.025,16.0,0.9848864164920156,0
-0.49,0.005,40.0,0.0035671037768835743,1
-0.49,0.005,36.0,0.0013863140569514946,1
-0.49,0.025,28.0,0.9849713393693609,0
-0.49,0.025,32.0,0.98498705258541,0
-0.49,0.01,14.0,0.9848364426528797,0
-0.49,0.015,34.0,0.9847680908034943,0
-0.49,0.025,36.0,0.9850011914745632,0
-0.49,0.015,20.0,0.9849046940089226,0
-0.49,0.01,12.0,0.9848598761568748,0
-0.49,0.035,22.0,0.9849558930708849,0
-0.49,0.02,20.0,0.9848923345475601,0
-0.49,0.025,18.0,0.9849138483191096,0
-0.49,0.035,12.0,0.9848792164446327,0
-0.49,0.01,20.0,0.9846784825487778,0
-0.49,0.035,36.0,0.9850215409057463,0
-0.49,0.03,14.0,0.9848876443408435,0
-0.49,0.01,32.0,0.45326611721850446,0
-0.49,0.03,10.0,0.984880993167038,0
-0.49,0.035,28.0,0.9849852705819476,0
-0.49,0.02,34.0,0.9847372432995597,0
-0.49,0.02,40.0,0.9847355066601013,0
-0.49,0.01,34.0,0.3651516716696606,0
-0.49,0.03,40.0,0.9850312148563763,0
-0.49,0.02,12.0,0.9848543107175777,0
-0.49,0.025,26.0,0.9849517965616984,0
-0.49,0.035,24.0,0.9849617217612099,0
-0.49,0.02,18.0,0.9848854034405709,0
-0.49,0.03,28.0,0.9849762651783334,0
-0.49,0.02,26.0,0.9849498188476701,0
-0.49,0.015,32.0,0.9848500781181374,0
-0.49,0.02,10.0,0.9848126555398375,0
-0.49,0.035,38.0,0.9850304675257769,0
-0.49,0.02,36.0,0.9847602857048569,0
-0.49,0.02,16.0,0.9848959112486936,0
-0.49,0.035,10.0,0.9848703297965391,0
-0.49,0.02,28.0,0.9849465015269624,0
-0.49,0.03,34.0,0.9850097877827811,0
-0.49,0.04,20.0,0.9849431481632945,0
-0.49,0.02,14.0,0.9848942264578437,0
-0.49,0.02,32.0,0.9849640166451784,0
-0.49,0.035,30.0,0.9849956639424526,0
-0.49,0.03,32.0,0.9849986189745358,0
-0.49,0.03,38.0,0.9850215342996341,0
-0.49,0.04,22.0,0.9849505453544024,0
-0.49,0.03,16.0,0.9849169963946075,0
-0.49,0.04,40.0,0.9850383528868459,0
-0.49,0.04,14.0,0.984904589215257,0
-0.49,0.025,30.0,0.9849838407874335,0
-0.49,0.03,24.0,0.9849618869210178,0
-0.49,0.025,34.0,0.9849905430194531,0
-0.49,0.035,14.0,0.9849078489007485,0
-0.49,0.035,16.0,0.984916839770743,0
-0.49,0.045,16.0,0.9849160896901121,0
-0.49,0.025,40.0,0.9846744578254556,0
-0.49,0.035,34.0,0.9850106360135709,0
-0.49,0.03,30.0,0.9849847142161694,0
-0.49,0.03,22.0,0.9849424782018986,0
-0.49,0.04,26.0,0.9849763624309827,0
-0.49,0.04,18.0,0.9849313724180717,0
-0.49,0.035,18.0,0.9849226558039975,0
-0.49,0.045,20.0,0.9849371026761505,0
-0.49,0.03,20.0,0.9849296180087017,0
-0.49,0.04,32.0,0.9850044138838944,0
-0.49,0.04,16.0,0.9849122523093635,0
-0.49,0.035,20.0,0.9849412531926184,0
-0.49,0.025,12.0,0.9848901089245439,0
-0.49,0.03,26.0,0.9849723741584102,0
-0.49,0.04,34.0,0.9850132537194806,0
-0.49,0.045,40.0,0.9850336134916932,0
-0.49,0.045,24.0,0.984961828703867,0
-0.49,0.025,22.0,0.9849394499508237,0
-0.49,0.04,12.0,0.9848922736117096,0
-0.49,0.04,10.0,0.9848651291637108,0
-0.49,0.045,22.0,0.9849513339806956,0
-0.49,0.04,28.0,0.9849839972323012,0
-0.49,0.035,32.0,0.9850020918990466,0
-0.49,0.04,30.0,0.9849932332733472,0
-0.49,0.045,12.0,0.9848907501582472,0
-0.49,0.045,26.0,0.9849703766648333,0
-0.49,0.045,10.0,0.9848707266382695,0
-0.49,0.045,18.0,0.9849280684257609,0
-0.49,0.045,38.0,0.9850257710321255,0
-0.49,0.045,14.0,0.9848978512459813,0
-0.49,0.04,24.0,0.9849640247092305,0
-0.49,0.045,34.0,0.9850088039612126,0
-0.49,0.045,32.0,0.9849996286870717,0
-0.49,0.045,28.0,0.9849816793917952,0
-0.49,0.04,36.0,0.9850206907292035,0
-0.49,0.035,40.0,0.9850370967267393,0
-0.49,0.045,36.0,0.985017969071663,0
-0.5,0.005,18.0,0.9858079574904043,0
-0.49,0.04,38.0,0.9850294305814609,0
-0.49,0.045,30.0,0.9849916096216575,0
-0.5,0.005,12.0,0.9855289490321227,0
-0.5,0.005,14.0,0.9855475872758999,0
-0.5,0.005,22.0,0.5597934252678956,0
-0.5,0.005,10.0,0.9855654789258144,0
-0.5,0.005,34.0,0.054100801065493496,1
-0.5,0.005,16.0,0.9856061142877977,0
-0.5,0.005,26.0,0.4543209828911412,0
-0.5,0.01,40.0,0.9857078264321983,0
-0.5,0.005,32.0,0.5558850635629178,0
-0.5,0.005,28.0,0.29206483595688026,0
-0.5,0.005,24.0,0.23042748410157818,0
-0.5,0.015,36.0,0.9856059517208352,0
-0.5,0.015,10.0,0.9856972725381699,0
-0.5,0.005,36.0,0.11061094064621256,1
-0.5,0.01,32.0,0.36597354503437485,0
-0.5,0.01,10.0,0.9857093704711984,0
-0.5,0.02,36.0,0.9855806983683064,0
-0.5,0.02,40.0,0.9855217390499517,0
-0.5,0.005,20.0,0.08136574357899115,1
-0.5,0.025,10.0,0.9857194345739425,0
-0.5,0.01,36.0,0.6815840536032958,0
-0.5,0.02,32.0,0.9858117038201669,0
-0.5,0.005,30.0,0.0035949362787663884,1
-0.5,0.035,36.0,0.9858745808138346,0
-0.5,0.005,38.0,0.00302316674528829,1
-0.5,0.005,40.0,0.001397790882895213,1
-0.5,0.04,32.0,0.9858605712533026,0
-0.5,0.025,40.0,0.9858717407839614,0
-0.5,0.015,32.0,0.985747971672328,0
-0.5,0.02,10.0,0.9856738481755726,0
-0.5,0.035,32.0,0.9858565971942048,0
-0.5,0.03,40.0,0.9858811764534883,0
-0.5,0.03,32.0,0.9858503729999445,0
-0.5,0.045,32.0,0.9858583773507529,0
-0.5,0.025,32.0,0.9858387812259224,0
-0.5,0.03,10.0,0.9857435589447009,0
-0.5,0.03,36.0,0.9858674494722325,0
-0.5,0.04,40.0,0.9858931029765072,0
-0.5,0.035,40.0,0.9858897939964231,0
-0.5,0.045,40.0,0.9858908877607041,0
-0.5,0.025,36.0,0.9858499270920872,0
-0.5,0.035,10.0,0.9857349771872234,0
-0.5,0.04,10.0,0.9857301102593293,0
-0.5,0.045,36.0,0.9858758633477098,0
-0.5,0.015,40.0,0.9859512089610374,0
-0.5,0.045,10.0,0.9857360402364244,0
-0.5,0.04,36.0,0.9858763103364947,0
